Job Title,Company,Date,Type,Location,Skills,Job Link
Supply Chain data Analyst,Dora Management Solution,posted 4 days ago,Full Time,"Sheraton, Cairo","Logistics/Supply Chain, Analyst/Research, Sales/Retail, Supply Chain Analysis, Data Analytics, Advanced Excel, Cross-functional Collaboration, Reporting and Presentation, Inventory Management, Problem Solving",http://wuzzuf.net/jobs/p/swjo9ibpajco-supply-chain-data-analyst-dora-management-solutions-cairo-egypt
Data Analyst,Ibn Sina Pharma,posted 24 days ago,Full Time,"New Cairo, Cairo","IT/Software Development, Analyst/Research, Analysis, analytical, Commerce, BI, Communication skills, Computer Science, Data Analysis, Information Technology (IT), MS Office, Power BI, Reporting, English",http://wuzzuf.net/jobs/p/rfahe6atbsw0-data-analyst-ibn-sina-pharma-cairo-egypt
MIS / Data Analyst,GOLD ERA,posted 25 days ago,Full Time,"Abbassia, Cairo","Accounting/Finance, Analyst/Research, Sales/Retail, MIS, Data Analysis, Business Analysis, Power BI",http://wuzzuf.net/jobs/p/xiclpsglupxt-mis-data-analyst-gold-era-cairo-egypt
Data Analyst – Analytics & Knowledge Delivery,EpsilonAI,posted 25 days ago,Full Time,"Nasr City, Cairo","IT/Software Development, Analyst/Research, Data Analysis, Database SQL Server, MySQL, Data Analytics, Big Data Analytics, Microsoft Excel, Power BI, Microsoft Power BI, Tableau, Analytical Thinking, Data Visualization, SQL, Public Speaking, Instructional Design, Communication, Remote Collaboration, Cloud, Teaching, Technical Training, instructor",http://wuzzuf.net/jobs/p/d6wrnnj6ofcu-data-analyst-analytics-knowledge-delivery-epsilonai-cairo-egypt
Data Analyst,National technology grou,posted 30 days ago,Full Time,"6th of October, Giza","Analyst/Research, Analysis, SQL, Power BI, Microsoft Excel, Python",http://wuzzuf.net/jobs/p/pt8vw0hn23aw-data-analyst-national-technology-group-giza-egypt
Data Analyst,Egyptian Company for Cos,posted 1 month ago,Full Time,"Nasr City, Cairo","Analyst/Research, Analysis, Data Analysis, Microsoft Excel, Power BI, Data Mapping, Data analysis, Microsoft excel, Power bi, Data mapping, Sql, Data visualization, Statistical analysis, Data mining, Report generation, Problem solving, Critical thinking",http://wuzzuf.net/jobs/p/s1kldppidnly-data-analyst-egyptian-company-for-cosmetics-cairo-egypt
Data Analyst,MINISO LIFE,posted 1 month ago,Full Time,"Cairo, Egypt","IT/Software Development, Analyst/Research, Engineering - Telecom/Technology, Collect, organize, and analyze data from multiple sources., Prepare reports and dashboards for management., Provide insights and recommendations to improve performance and support decision-making., Collaborate with different teams to support company objectives., Bachelor’s degree in Statistics, Mathematics, Computer Science, or a related field., Experience in data analysis and using BI tools (such as Excel, Power BI, or Tableau)., Strong analytical skills with the ability to interpret data accurately., Excellent communication skills.",http://wuzzuf.net/jobs/p/aoeklax6waer-data-analyst-miniso-life-cairo-egypt
Data Analyst,Top Chef,posted 1 month ago,Full Time,"Obour City, Cairo","IT/Software Development, Analyst/Research, Engineering - Telecom/Technology, Data Analysis, Microsoft Excel, Power BI, PivotTables, Data analysis, Microsoft excel, Power bi, Pivottables, Sql, Data visualization, Statistical analysis, Data modeling, Report generation, Communication skills, Problem-solving, Critical thinking",http://wuzzuf.net/jobs/p/lhxtsptcb7r1-data-analyst-top-chef-cairo-egypt
Financial Analyst,willys kitchen-Egypt,posted 19 days ago,Full Time,"Obour City, Cairo","Accounting/Finance, Analyst/Research, Accounting, Finance, Financial, Financial Analysis, Commerce, Financial Data Analysis",http://wuzzuf.net/jobs/p/oj7bj4jchiwo-financial-analyst-willys-kitchen-egypt-cairo-egypt
Business Analyst,Ibn Sina Pharma,posted 17 days ago,Internship,"New Cairo, Cairo","IT/Software Development, Analyst/Research, Engineering - Telecom/Technology, Analysis, Business Analysis, Computer Science, Data Analysis, Information Technology (IT), Python, SQL, Communication Skills, Problem-Solving, Critical Thinking, Data Visualization, Process Improvement, Statistical Modeling, Data Mining, Requirements Gathering",http://wuzzuf.net/internship/u1p4bogldozr-business-analyst-ibn-sina-pharma-cairo-egypt
Data Analyst,Sakr Group,posted 1 month ago,Full Time,"Nasr City, Cairo","IT/Software Development, Analyst/Research, Engineering - Telecom/Technology, SAP, Power BI, Tableau, Microsoft Office",http://wuzzuf.net/jobs/p/u4jory0gh3et-data-analyst-sakr-group-cairo-egypt
Accounting Analyst,Frutal for Food Industri,posted 22 days ago,Full Time,"Heliopolis, Cairo","Accounting/Finance, Analyst/Research, Accounting, Financial Analysis, Commerce, Finance, Budgeting, Forecasting, Variance Analysis, Financial Reporting, Manufacturing Cost Accounting, Data Analysis, Process Improvement, GAAP Compliance, Internal Controls",http://wuzzuf.net/jobs/p/nbvywszbdwea-accounting-analyst-frutal-for-food-industries-cairo-egypt
Process Analyst,RISEUP (Endemag for Admi,posted 23 days ago,Full Time,"Maadi, Cairo","Engineering - Construction/Civil/Architecture, Analyst/Research, Engineering - Mechanical/Electrical, BIM, Asana, Capital Allocation Request (CAR) database, Value Engineering (VE) database for Leadership Team Milestones (LTMs), White Papers (WPs) Budget expense tracking reports, Lessons Learnt (LL) Management, Change Request (CR) Management, BEP, - MHE model submission, Process Management, Quality Control, Project Coordination, Stakeholders, Data Analysis, Smartsheets, Project Management Tools, Dashboard Creation, Governance, Construction Engineering, Construction Management",http://wuzzuf.net/jobs/p/nj3rav1lsoe0-process-analyst-riseup-endemag-for-administrative-skills-development-cairo-egypt
Professional Methodology Analyst,APEX Pharma,posted 23 days ago,Full Time,"Badr City, Cairo","R&D/Science, Analyst/Research, Pharmaceutical, Methodology, Analysis, Science, Pharmacy, Quality Control, Process Analysis, Methodology Development, Data Analysis, Quality Assurance, Project Management, Cross-functional Collaboration, Training and Facilitation, Regulatory Compliance, Problem Solving, Documentation, Medical",http://wuzzuf.net/jobs/p/anwijk5z59um-professional-methodology-analyst-apex-pharma-cairo-egypt
Senior Investment Analyst,IGI-Group,posted 25 days ago,Full Time,"Sheikh Zayed, Giza","Accounting/Finance, Banking, Analyst/Research, Analysis, Business Analysis, Investment, Finance, Financial Accounting, Financial Data Analysis, Finance Management, Financial Reporting, Financial Services, Finance Analysis, Financial Analysis, Financial Management, CFA, Accounting, Financial",http://wuzzuf.net/jobs/p/yg1lvbhbvs2r-senior-investment-analyst-igi-group-giza-egypt
MIS Risk Analyst,Al Ahly capital holding,posted 26 days ago,Full Time,"Zamalek, Cairo","Banking, Analyst/Research, Analysis, Data Analysis, Computer Science, Banking, Risk, Management, information system, business, Risk Management",http://wuzzuf.net/jobs/p/au4yimf7xeg3-mis-risk-analyst-al-ahly-capital-holding-al-ahly-tamkeen-cairo-egypt
Junior Data Analyst,Wadi Group,posted 1 month ago,Full Time,"Sheikh Zayed, Giza","Full Time, Data Analysis, Data Analytics, Statistical Analysis, Planning, Organizing, Communication, Critical thinking, Report writing",http://wuzzuf.net/jobs/p/deipudnut5wh-junior-data-analyst-wadi-group-giza-egypt
Sales Analyst,Kgroup,posted 1 month ago,Full Time,"Nasr City, Cairo","IT/Software Development, Analyst/Research, Sales/Retail, Microsoft Excel, Power BI, Tableau, CRM Systems, ERP Systems, SQL, Data Analysis & Interpretation, Sales Performance Tracking, Reporting & Dashboard Creation, Forecasting & Trend Analysis, Business Acumen, Attention to Detail, Communication & Presentation Skills",http://wuzzuf.net/jobs/p/v4ndkdczclfl-sales-analyst-kgroup-cairo-egypt
Senior Data Analyst,Al Ahly capital holding,posted 2 months ago,Full Time,"Zamalek, Cairo","IT/Software Development, Analyst/Research, Engineering - Telecom/Technology, Microsoft SQL, SQL, Power BI",http://wuzzuf.net/jobs/p/pdbhnhmsyty2-senior-data-analyst-al-ahly-capital-holding-al-ahly-tamkeen-cairo-egypt
Procurement Analyst,Guillam,posted 2 days ago,Full Time,"San Stefano, Alexandria","Accounting/Finance, Operations/Management, Business English, Strong communication skills, Microsoft Office",http://wuzzuf.net/jobs/p/zav5d9coyr5v-procurement-analyst-guillam-alexandria-egypt
Research Analyst,IdealRatings,posted 4 days ago,Full Time,"Heliopolis, Cairo","Accounting/Finance, Analyst/Research, Research, Analysis, Accounting, Financial Services, Research Analysis",http://wuzzuf.net/jobs/p/qvocbe4bzb5p-research-analyst-idealratings-cairo-egypt
Q.C Professional Finished Product Analyst,APEX Pharma,posted 8 days ago,Full Time,"Badr City, Cairo","R&D/Science, Quality, Pharmaceutical, Quality Control, Science, Pharmaceutical, Pharma, Q.C, Pharmaceuticals, Pharmacy, quality, Quality Assurance",http://wuzzuf.net/jobs/p/hhurhxhlubmp-qc-professional-finished-product-analyst-apex-pharma-cairo-egypt
Data Analyst,HIGHBASE TRADING W.L.L,posted 2 months ago,Full Time,"Cairo, Egypt","IT/Software Development, Data Analysis, SQL, Excel, Power BI, Python",http://wuzzuf.net/jobs/p/l2cctgjsulvx-data-analyst-highbase-trading-w-l-l-cairo-egypt
FP & A Analyst /senior Analyst,Dabur,posted 20 days ago,Full Time,"New Cairo, Cairo","Accounting/Finance, Business Development, Analyst/Research, Finance, Financial Analysis, Financial Planning, Financial Management, Financial, Accounting, Planning",http://wuzzuf.net/jobs/p/nasbnwgpsyej-fp-a-analyst-senior-analyst-dabur-cairo-egypt
Economic Research Analyst,ITIDA,posted 17 days ago,Full Time,"Smart Village, Giza","Analyst/Research, Analysis, Market Research, Research",http://wuzzuf.net/jobs/p/dnph9znjld1g-economic-research-analyst-itida-giza-egypt
Financial Analyst,Cultiv,posted 1 month ago,Full Time,"Heliopolis, Cairo","Accounting/Finance, Analyst/Research, Financial Analysis, Finance, Analysis, Financial, Excel, Computer Skills, Analytical, Data, Communication, English, Commerce, business",http://wuzzuf.net/jobs/p/07dpy4g27a0o-financial-analyst-cultiv-cairo-egypt
Budgeting & Reporting Analyst – FMCG/Retail,Bim Stores,posted 22 days ago,Full Time,"6th of October, Giza","Accounting/Finance, Accounting, Analysis, Finance, Financial, Financial Analysis, Reporting, Planning, SAP, ERP, Role Overview We are seeking a detail-oriented and analytically-minded Reporting and Budget Specialist to join our finance team. The successful candidate will be responsible for preparing accurate financial reports, managing the annual budgeting process,",http://wuzzuf.net/jobs/p/bitqm8zumo4t-budgeting-reporting-analyst-fmcgretail-bim-stores-giza-egypt
IE Data Analyst (Industrial Engineering) - Garments or Apparel Manufacturing,T&C Garments,posted 2 months ago,Full Time,"Obour City, Cairo","Analyst/Research, Engineering - Telecom/Technology, Engineering - Mechanical/Electrical, Industrial Engineering, Data Analysis, Process Improvement, Time and Motion Study, Lean Manufacturing, Power BI, Microsoft Excel, Workflow Optimization, Statistical Analysis, Report Writing",http://wuzzuf.net/jobs/p/otijztbj8wil-ie-data-analyst-industrial-engineering-garments-or-apparel-manufacturing-tc-garments-cairo-egypt
Data Analyst,GPS,posted 2 months ago,Full Time,"Heliopolis, Cairo","Analyst/Research, SQL, Microsoft Excel, Power BI, Tableau, Data Analysis, Data Visualization, Reporting, Problem Solving, Statistical Analysis",http://wuzzuf.net/jobs/p/udg6wsijjfs7-data-analyst-gps-cairo-egypt
IT Business Analyst Manager (AEC),Dewan Architects and Eng,posted 25 days ago,Full Time,"New Cairo, Cairo","IT/Software Development, Analyst/Research, Engineering - Telecom/Technology, Business Analysis, Analysis, Computer Science, Information Technology (IT), BIM, ITIL, • CBAP/CCBA, PRINCE2, ISO 19650",http://wuzzuf.net/jobs/p/iqofronbfx3c-it-business-analyst-manager-aec-dewan-architects-and-engineers-cairo-egypt
Development and Pricing Analyst - Real Estate,Upwyde,posted 25 days ago,Full Time,"New Cairo, Cairo","Accounting/Finance, Business Development, Analyst/Research, Business Analysis, Development, Pricing, Real Estate",http://wuzzuf.net/jobs/p/qc28xcdl3hke-development-and-pricing-analyst-real-estate-upwyde-cairo-egypt
Senior FP&A Analyst,Transmar International,posted 26 days ago,Full Time,"Cairo, Egypt","Accounting/Finance, Financial Analysis, Finance",http://wuzzuf.net/jobs/p/dyghrjhuwz0a-senior-fpa-analyst-transmar-international-cairo-egypt
Kochava Specialist,WeLyra,posted 10 days ago,مشروع مستقل,"القاهرة الجديدة, القاهرة","تكنولوجيا المعلومات/تطوير البرمجيات, Campaigns Analyst, Kochava Specialist, Mobile Attribution, Data Analysis, SQL, Reporting & Analytics, A/B Testing, Marketing Analytics, Performance Marketing, Data Visualization, Problem-solving, Communication",http://wuzzuf.net/jobs/p/ild9o9bxpl39-kochava-specialist-welyra-cairo-egypt
Cost Accountant,GB Corp,posted 10 days ago,Full Time,"Obour City, Cairo","Accounting/Finance, Accounting, Cost Accountant, Finance, Cost, Cost Accounting, Cost Analyst, Financial Analysis, Budgeting, Forecasting, Variance Analysis, GAAP, IFRS, Financial Reporting, Data Analysis, Problem-solving",http://wuzzuf.net/jobs/p/wrstkndaeihi-cost-accountant-gb-corp-cairo-egypt
Software Business Analyst - Project Manager,eBSEG,posted 30 days ago,Full Time,"New Cairo, Cairo","IT/Software Development, Project/Program Management, Analyst/Research, PMP, Project Management, Software Development, Analytical, Information Technology (IT), Software, Software Engineering, Computer Science, Telecommunication, Engineering, Business Analysis",http://wuzzuf.net/jobs/p/a9wbmkxkncnc-software-business-analyst-project-manager-ebseg-cairo-egypt
Senior (Associate) Financial Analyst,PRE Group,posted 2 months ago,Full Time,"New Cairo, Cairo","Accounting/Finance, Analyst/Research, Investment, Microsoft Excel, Microsoft Powerpoint, Financial Modeling, Asset Management, Equity Research, Investment Banking, Microsoft excel, Microsoft powerpoint, Financial modeling, Asset management, Equity research, Investment banking, Financial analysis, Budgeting, Forecasting, Variance analysis, Data analysis, Reporting",http://wuzzuf.net/jobs/p/vlfiu6lbftnt-senior-associate-financial-analyst-pre-group-cairo-egypt
Quality Assurance Automation Analyst,Daam,posted 1 month ago,Full Time,"Maadi, Cairo","IT/Software Development, Quality, Engineering - Telecom/Technology, ISTQB, Computer Science, Information Technology (IT), CI/CD, Java, C#, Python, JavaScript",http://wuzzuf.net/jobs/p/sssbsx88qog4-quality-assurance-automation-analyst-daam-cairo-egypt
Senior Financial Planning Analyst,Tamweely,posted 1 month ago,Full Time,"Downtown, Cairo","Accounting/Finance, Analyst/Research, CFA, Accounting, Financial Analysis, Finance, analytical skills, Financial, Financial Management",http://wuzzuf.net/jobs/p/58kz8szyecve-senior-financial-planning-analyst-tamweely-cairo-egypt
Senior Business Analyst,Egabi FSI,posted 1 month ago,Full Time,"Sheraton, Cairo","IT/Software Development, Analyst/Research, Engineering - Telecom/Technology, Business Analyst, Computer Science, Business Analysis, Information Technology (IT), English, Testing, Analysis, business, analytical, Communication skills, product owner",http://wuzzuf.net/jobs/p/cfrm2qyuzx0j-senior-business-analyst-egabi-fsi-cairo-egypt
SAP MM Analyst,MK Enterprise,posted 1 month ago,Full Time,"Downtown, Cairo","IT/Software Development, Engineering - Telecom/Technology, SAP MM configuration, Procurement process management, Inventory management, Business process analysis, SAP integration, Troubleshooting and problem-solving, User training and support, Documentation, Project management, Communication",http://wuzzuf.net/jobs/p/oynzbmxcfxwv-sap-mm-analyst-mk-enterprise-cairo-egypt
Feasibility Study Analyst-Real Estate,EBNY developments,posted 2 months ago,Full Time,"Heliopolis, Cairo","Accounting/Finance, Analyst/Research, Financial Modeling, Market Research, Data Analysis, Real Estate Valuation, Project Management, Report Writing, Risk Assessment, Stakeholder Communication",http://wuzzuf.net/jobs/p/tlkwkfxhyjjh-feasibility-study-analyst-real-estate-ebny-developments-cairo-egypt
Data Analyst,YO IT Consulting,posted 20 days ago,Full Time,"Dubai, United Arab Emirates","IT/Software Development, Analyst/Research, Engineering - Telecom/Technology, Data Analysis, Analysis, Computer Science, Information Technology (IT), SQL, Microsoft Office, Microsoft Excel, Data Analyst, Research, Business Analysis, Economics, Engineering, Python, Computer Skills, Data, English, Tableau, Commerce, Finance, Statistics",http://wuzzuf.net/jobs/p/g/nejykylv2pia-data-analyst-yo-it-consulting-dubai-united-arab-emirates
Data Analyst (0 Experience Required),Peroptyx,posted 22 days ago,Part Time,"Riyadh, Saudi Arabia","IT/Software Development, Analyst/Research, Engineering - Telecom/Technology, Data Analysis, Analysis, Computer Science, Information Technology (IT), SQL, Microsoft Office, Microsoft Excel, Data Analyst, Research, Business Analysis, Economics, Engineering, Python, Computer Skills, Data, English, Tableau, Commerce, Finance, Statistics",http://wuzzuf.net/saudi/jobs/p/g/w0yv3i0r3gwf-data-analyst-0-experience-required-peroptyx-riyadh-saudi-arabia
Business Analyst,Electro Pi,posted 1 month ago,Full Time,"Maadi, Cairo","IT/Software Development, Analyst/Research, Business Analysis, Requirements Gathering, Process Improvement & Workflow Optimization, Agile & Scrum Methodologies, Stakeholder Management, Technical Specification & System Analysis, Familiarity with AI / Machine Learning concepts, Product Requirements Definition for Tech/AI projects, JIRA & Confluence, Communication & Presentation Skills, Problem Solving & Critical Thinking",http://wuzzuf.net/jobs/p/wludgyeoz23u-business-analyst-electro-pi-cairo-egypt
Entry Level Data Analyst (Remote),PulseMediaNL (SWANA REGI,posted 22 days ago,Full Time,"Makkah, Saudi Arabia","Accounting/Finance, IT/Software Development, Analyst/Research, microsoft office, information technology (it), computer science, accounting, analysis, microsoft excel, data analysis, sql, management, business, python, excel",http://wuzzuf.net/saudi/jobs/p/g/ijgqunanf1uw-entry-level-data-analyst-remote-pulsemedianl-swana-region-makkah-saudi-arabia
Entry Level Data Analyst (Remote),PulseMediaNL (LATAM REGI,posted 22 days ago,Full Time,"Riyadh, Saudi Arabia","Accounting/Finance, IT/Software Development, Analyst/Research, microsoft office, information technology (it), computer science, accounting, analysis, microsoft excel, data analysis, sql, management, business, python, excel",http://wuzzuf.net/saudi/jobs/p/g/9yn6rkpmoczq-entry-level-data-analyst-remote-pulsemedianl-latam-region-riyadh-saudi-arabia
Financial Analyst,المؤسسة المصرية للتمويل,posted 2 months ago,Full Time,"Dokki, Giza","Accounting/Finance, Analyst/Research, completed a Credit Course, interpreting financial statements, Previous experience in banking or microfinance is a plus, Report Writing, Financial Analysis, Attention to Detail, Financial Modeling, Team Collaboration, Budgeting and Forecasting, Excel (Advanced), Data Analysis, ERP Systems, Presentation Skills",http://wuzzuf.net/jobs/p/heshipjjy3ps-financial-analyst-almoss-almsry-lltmoyl-eaf-giza-egypt
Entry Level Data Analyst (Remote),PulseMediaNL (EMEA REGIO,posted 24 days ago,Full Time,"Dubai, United Arab Emirates","Accounting/Finance, IT/Software Development, Analyst/Research, microsoft office, information technology (it), computer science, accounting, analysis, microsoft excel, data analysis, sql, management, business, python, excel",http://wuzzuf.net/jobs/p/g/wt6bes4cf1iw-entry-level-data-analyst-remote-pulsemedianl-emea-region-dubai-united-arab-emirates
Econometric Data Analyst (Remote),North Star Staffing,posted 27 days ago,Freelance / Project,"Riyadh, Saudi Arabia","IT/Software Development, Analyst/Research, Engineering - Telecom/Technology, Data Analysis, Analysis, Computer Science, Information Technology (IT), Microsoft Office, SQL, Microsoft Excel, Data Analyst, Research, Engineering, Computer Skills, Data, Economics, Python, Commerce, Tableau, English, Statistics, Business Analysis, Finance",http://wuzzuf.net/saudi/jobs/p/g/zqqorpb2ufvz-econometric-data-analyst-remote-north-star-staffing-riyadh-saudi-arabia
Associate Data Analyst - Builders Program,Tamara,posted 27 days ago,Part Time,"Riyadh, Saudi Arabia","IT/Software Development, Analyst/Research, Engineering - Telecom/Technology, Data Analysis, Analysis, Computer Science, Information Technology (IT), Microsoft Office, SQL, Microsoft Excel, Research, Data Analyst, Engineering, Computer Skills, Data, Economics, Python, Commerce, English, Finance, Tableau, Accounting, Business Analysis",http://wuzzuf.net/saudi/jobs/p/g/ajvduchif2al-associate-data-analyst-builders-program-tamara-riyadh-saudi-arabia
Financial Planning Analyst,Beyti - an Almarai Subsi,posted 2 months ago,Full Time,"Alexandria, Egypt","Accounting/Finance, Logistics/Supply Chain, Finance, Manufacturing, Supply Chain, Supply Chain finance, Financial Planning, Financial Services, Financial Accounting",http://wuzzuf.net/jobs/p/h5p4afrajssa-financial-planning-analyst-beyti-an-almarai-subsidiary-alexandria-egypt
Data Analyst | Al-Futtaim Automotive | Logistics,Al-Futtaim,posted 27 days ago,Full Time,"Dubai, United Arab Emirates","Administration, Marketing/PR/Advertising, Sales/Retail, e-marketing, marketing, digital marketing, management, automotive, retail, construction",http://wuzzuf.net/jobs/p/g/sznpmfjq2zvt-data-analyst-al-futtaim-automotive-logistics-al-futtaim-dubai-united-arab-emirates
Senior Marketing Data Analyst - REMOTE,Jobgether,posted 1 month ago,Full Time,"Dubai, United Arab Emirates","IT/Software Development, Analyst/Research, Engineering - Telecom/Technology, Data Analysis, Information Technology (IT), Computer Science, Analysis, Marketing, Microsoft Office, Market Research, Microsoft Excel, Accounting, Business Administration, Data, Engineering, Finance, Financial Analysis, Python, Business, Business Analysis, Commerce, Data Analyst, Digital Marketing",http://wuzzuf.net/jobs/p/g/zn2xygiggehl-senior-marketing-data-analyst-remote-jobgether-dubai-united-arab-emirates
Financial Analyst,Elsewedy industries,posted 2 months ago,Full Time,"10th of Ramadan City, Cairo","Accounting/Finance, Accounting, financial analyst, Financial Analysis, Analyst, Finance, Forecasting, Financial, Corporate Finance, Reporting, Analysis",http://wuzzuf.net/jobs/p/7rzmfcwyhhkw-financial-analyst-elsewedy-industries-cairo-egypt
Credit Analyst - Microfinance,Erada,posted 2 months ago,Full Time,"Maadi, Cairo","Accounting/Finance, Analyst/Research, Credit Analysis, Credit Risk, Credit Administration, Credit Control, Credit Management, credit, analyst",http://wuzzuf.net/jobs/p/rolwdqeixchj-credit-analyst-microfinance-erada-cairo-egypt
Sales Analyst,YO IT Consulting,posted 20 days ago,Full Time,"Riyadh, Saudi Arabia","IT/Software Development, Analyst/Research, Sales/Retail, Sales, Sales Skills, Analysis, Sales Analysis, Data Analysis, Indoor Sales, Outdoor Sales, Business Analysis, Microsoft Office, Microsoft Excel, Information Technology (IT), Finance, Accounting, Business Development, Administration, Analyst, Engineering, Sales Analyst, Business Administration, Commerce",http://wuzzuf.net/saudi/jobs/p/g/rcim4lysgvah-sales-analyst-yo-it-consulting-riyadh-saudi-arabia
Data Engineer,Hyundai Rotem,posted 5 days ago,Full Time,"Cairo, Egypt","Analyst/Research, Engineering - Telecom/Technology, Engineering, Computer Science, English, Communication skills, ICDL, Computer Engineering, Data Engineering, Data Modeling, Data Warehousing, Information Technology (IT), Troubleshooting",http://wuzzuf.net/jobs/p/beqgj9o9kpfk-data-engineer-hyundai-rotem-cairo-egypt
Data Governance & Data Management Architect,Advanced control,posted 8 days ago,Full Time,"6th of October, Giza","IT/Software Development, Analyst/Research, Data Governance Frameworks, Data Management & Architecture, Data Management, Data Catalog & Metadata Management, Data Lineage & Data Quality Tools, Computer Science, Regulatory Compliance (NDMO / PDPL / GDPR), NDMO",http://wuzzuf.net/jobs/p/qs26cvsh4yyk-data-governance-data-management-architect-advanced-control-giza-egypt
Senior Business Analyst,DAF Holding,posted 2 months ago,Full Time,"Cairo, Egypt","IT/Software Development, Business process analysis, Digital transformation, Agile methodologies",http://wuzzuf.net/jobs/p/fzivdlpfco3v-senior-business-analyst-daf-holding-cairo-egypt
FP&A Senior Analyst,Valmore Holding,posted 2 months ago,Full Time,"New Cairo, Cairo","Accounting/Finance, Financial Planning & Analysis, Budgeting and Forecasting, Financial Modeling, Management Reporting, ERP Systems",http://wuzzuf.net/jobs/p/oo0tjhybq8y6-fpa-senior-analyst-valmore-holding-cairo-egypt
Financial Analyst – Feasibility & Investment Evaluation,Tahya Masr Holding,posted 2 months ago,Full Time,"Heliopolis, Cairo","Accounting/Finance, Financial Analysis, Feasibility Studies, Project Evaluation, Investment Analysis, Financial Modeling, Business Valuation, Cash Flow Analysis, Scenario & Sensitivity Analysis, Financial Reporting, Presentation & Reporting Skills, Microsoft Excel (Advanced), Financial Models (Excel-based), Microsoft Powerpoint, Microsoft Word, CFA, CMA, Cash Flow Forecasting",http://wuzzuf.net/jobs/p/dh6nxzowtpoi-financial-analyst-feasibility-investment-evaluation-tahya-masr-holding-cairo-egypt
Senior Financial Analyst (FP&A),GlassRock Insulation Co.,posted 2 months ago,Full Time,"Maadi, Cairo","Accounting/Finance, Analyst/Research, Financial Analysis, Financial Modeling, Microsoft Excel, Finance, Financial Services, Financial Accounting, Finance Analysis",http://wuzzuf.net/jobs/p/hgvqvv71ajlf-senior-financial-analyst-fpa-glassrock-insulation-co-cairo-egypt
Microsoft Business Analyst/CRM/PowerPlatform Expert,Teaspoon,posted 2 months ago,Full Time,"San Jose, United States","IT/Software Development, Microsoft Power BI, Microsoft Azure, Reporting, Reporting Analysis, Microsoft Office 365, Microsoft Dynamics CRM, Microsoft PowerPlatform, Microsoft PowerApps",http://wuzzuf.net/jobs/p/qpielqllgmq4-microsoft-business-analystcrmpowerplatform-expert-teaspoon-san-jose-united-states
AI & Data Science Engineer,Raya Distribution,posted 26 days ago,Full Time,"Cairo, Egypt","IT/Software Development, Engineering - Telecom/Technology, AI, Computer Engineering, Computer Science, Data Science, Information Technology (IT), Software Engineering, Python, SQL, C#, Big Data, .Net",http://wuzzuf.net/jobs/p/r1yxretv7hyo-ai-data-science-engineer-raya-distribution-cairo-egypt
Personnel & Payroll Specialist,Shiny White Dental Cente,posted 25 days ago,Full Time,"Cairo, Egypt","Administration, Human Resources, Analyst/Research, Human Resources, Human Resource Management (HRM), HR Policies, Payroll Administration, Payroll, Human Resource Management, Human Resource Information System, hr analyst, Oracle Human Resource Management System (HRMS), Human Resources Development, HR Specialist, Personnel Management, Payroll Management, Payroll System, Personnel Administration, HR Admin, Personnel, HR Strategy, HR",http://wuzzuf.net/jobs/p/2i4r5tdebq8k-personnel-payroll-specialist-shiny-white-dental-center-cairo-egypt
Financial and Credit Analyst,شركه اداره وجوده لخدمات,posted 2 months ago,Full Time,"Riyadh, Saudi Arabia","Accounting/Finance, تقييم المخاطر, إعداد التقارير المالية, التحليل المالي, التخطيط المالي, إعداد الميزانيات",http://wuzzuf.net/saudi/jobs/p/m8pa48qv2vfn-financial-and-credit-analyst-shrkh-adarh-ogodh-lkhdmat-alaaamal-riyadh-saudi-arabia
Marketing Specialist,MY WAY,posted 1 month ago,Full Time,"Obour City, Cairo","Marketing/PR/Advertising, Marketing Specialist, Marketing Coordinator, Brand Assistant, Marketing Analyst, MS Office, Presentations",http://wuzzuf.net/jobs/p/bq21nx4azucw-marketing-specialist-my-way-cairo-egypt
Business Analyst (Remote),Get Offers,posted 26 days ago,Freelance / Project,"Dubai, United Arab Emirates","IT/Software Development, Analyst/Research, Engineering - Telecom/Technology, Business Analysis, Information Technology (IT), Computer Science, Analysis, Software Development, Software, Computer Engineering, Engineering, Business, Agile, Analyst, Software Engineering, Business Development, Microsoft Office, SQL, Research, System Analysis, Business Analyst, English, Project Management",http://wuzzuf.net/jobs/p/g/pjvjllhzvqi3-business-analyst-remote-get-offers-dubai-united-arab-emirates
Financial Analyst,Publicis Groupe,posted 29 days ago,Full Time,"Dubai, United Arab Emirates","Accounting/Finance, Banking, Analyst/Research, Finance, Financial Analysis, Accounting, Commerce, Microsoft Office, Financial Management, Analysis, English, Economics, Microsoft Excel, CMA, CFA, Financial, Financial Planning, ERP, Budgeting, Business Administration, CPA, Excel, Analyst",http://wuzzuf.net/jobs/p/g/3ankgosgljtj-financial-analyst-publicis-groupe-dubai-united-arab-emirates
IDMC Informatica Data Management Cloud Developer,Efada Technology,posted 1 month ago,Full Time,"Cairo, Egypt","IT/Software Development, Engineering - Telecom/Technology, Informatica, Data Management, Software Development, Microsoft Certified Solutions Developer, Program Development",http://wuzzuf.net/jobs/p/f10qjotcjnth-idmc-informatica-data-management-cloud-developer-efada-technology-cairo-egypt
Data Scientist – Computer Vision & Financial Intelligence,Erada,posted 2 months ago,Full Time,"Maadi, Cairo","Engineering - Telecom/Technology, Data Science, Data Analytics, AI, Computer Engineering, Computer Science, Computer Vision, OCR",http://wuzzuf.net/jobs/p/j2aroop6qnai-data-scientist-computer-vision-financial-intelligence-erada-cairo-egypt
Senior Business Data Analytics,Erada,posted 2 months ago,Full Time,"Maadi, Cairo","IT/Software Development, Analyst/Research, Business Analysis, Power BI, Tableau, IT",http://wuzzuf.net/jobs/p/nxrxmf7zyqnc-senior-business-data-analytics-erada-cairo-egypt
E commerce Product Listing Specialist,Dora Management Solution,posted 15 hours ago,Full Time,"Sheraton, Cairo","Marketing/PR/Advertising, Analyst/Research, Sales/Retail, Data Entry, E-Marketing, E-Commerce, Product Management, Product, Commerce",http://wuzzuf.net/jobs/p/zfcq1yabqkji-e-commerce-product-listing-specialist-dora-management-solutions-cairo-egypt
Data Analytics Engineer,Erada,posted 2 months ago,Full Time,"Maadi, Cairo","IT/Software Development, Analyst/Research, Engineering - Telecom/Technology, Analysis, analytical, Computer Science, Data Analytics, Engineering, Information Technology (IT), Software Engineering, Data Science, Data",http://wuzzuf.net/jobs/p/pzd70ku3ht2v-data-analytics-engineer-erada-cairo-egypt
"Cost Accountant - Industrial| Alkharj,Saudi Arabia",Overa,posted 9 days ago,Full Time,"Cairo, Egypt","Accounting/Finance, Logistics/Supply Chain, Analyst/Research, Data Analysis, Inventory Management, Process Improvement, Attention to Detail, Communication, Cost Analysis, Financial Reporting, Variance Analysis, Budgeting and Forecasting, ERP Systems",http://wuzzuf.net/jobs/p/javcoquf9ltw-cost-accountant-industrial-alkharjsaudi-arabia-overa-cairo-egypt
Receivables Accountant,Lavita Developments,posted 11 hours ago,Full Time,"Nasr City, Cairo","Accounting/Finance, Banking, Analyst/Research, Accounts Receivable, Accounting, Financial Analysis, Finance, Reconciliation, Collections Management, General Ledger, Microsoft Excel, ERP Systems (e.g., SAP, Oracle), Financial Reporting, Data Analysis, Problem-Solving, Attention to Detail, Communication",http://wuzzuf.net/jobs/p/iwvzixvv0871-receivables-accountant-lavita-developments-cairo-egypt
Senior OBIEE Developer,Egabi FSI,posted 17 days ago,Full Time,"Sheraton, Cairo","IT/Software Development, Analyst/Research, Engineering - Telecom/Technology, OBIEE, Analysis, BI Developer, BI, Data Modeling, ETL, Database, Information Technology (IT), Oracle, SQL, Computer Science, business",http://wuzzuf.net/jobs/p/zvrkbrnaoozc-senior-obiee-developer-egabi-fsi-cairo-egypt
Supply Chain Assistant,Cow Gifts,posted 26 days ago,Full Time,"New Cairo, Cairo","Logistics/Supply Chain, Operations/Management, Purchasing/Procurement, Odoo, Purchasing Management, Purchasing, Research Analysis, Financial Data Analysis, Analysis, Computer Programs, Microsoft Office, Microsoft Excel",http://wuzzuf.net/jobs/p/swzsstfj2hvt-supply-chain-assistant-cow-gifts-cairo-egypt
AI Engineer (LLM & AI Applications),Exab,posted 20 days ago,Full Time,"Cairo, Egypt","IT/Software Development, Analyst/Research, Engineering - Telecom/Technology, AI, Computer Science, Engineering, Information Technology (IT), Data Science, LLMs (Large Language Models), Python, Machine Learning, Deep Learning, Natural Language Processing (NLP), TensorFlow, PyTorch, AI Application Development, Web Scraping, Data Analysis",http://wuzzuf.net/jobs/p/zswfgfcppaym-ai-engineer-llm-ai-applications-exab-cairo-egypt
R&D Formulation Specialist,APEX Pharma,posted 22 days ago,Full Time,"Badr City, Cairo","R&D/Science, Analyst/Research, Pharmaceutical, Formulation, Manufacturing, Pharmaceutical, Pharmaceutical Sciences, Pharmacy, Research, R&D, Pharmaceutical Formulation, Research & Development (R&D), Pharmaceutical Analysis, Good Manufacturing Practices (GMP), Troubleshooting, Laboratory Skills, Data Analysis, Microsoft Office Suite, Computer Proficiency, English Language Proficiency, Scientific Method, Pharmacy Practice, Formulation Development, Quality Control, solid dosage",http://wuzzuf.net/jobs/p/glw2rolqj10p-rd-formulation-specialist-apex-pharma-cairo-egypt
Cost Accountant,The Dutch Egyptian - Cap,posted 1 month ago,Full Time,"Bourj Alarab, Alexandria","Accounting/Finance, Other, Analyst/Research, Cost Control, Cost Accounting, Cost Reduction, Cost Analysis, Cost Estimation, Cost Engineering, Financial Data Analysis, Finance",http://wuzzuf.net/jobs/p/zj5w9shw2bfc-cost-accountant-the-dutch-egyptian-capri-alexandria-egypt
HR Payroll Specialist,Deutschland Technology L,posted 26 days ago,Full Time,"Obour City, Cairo","Administration, Human Resources, Analyst/Research, HR Administration, Payroll Processing, Time Management, Problem Solving, Payroll Software, Communication, Data Analysis, Confidentiality, Attention to Detail, Compliance",http://wuzzuf.net/jobs/p/xwsgrmv5iptx-hr-payroll-specialist-deutschland-technology-limited-cairo-egypt
Financial Collection Supervisor,MOSANADAH FOR TRAINING &,posted 1 month ago,Full Time,"Cairo, Egypt","Accounting/Finance, Analyst/Research, Financial Accounting, Data Collection",http://wuzzuf.net/jobs/p/cl4mdasashbn-financial-collection-supervisor-mosanadah-for-training-education-cairo-egypt
"Software Developer (.Net Core, SQL & Typescript)",BI-Technologies,posted 1 month ago,Full Time,"New Cairo, Cairo","IT/Software Development, ASP.NET, Software Development, .NET, Information Technology (IT), Full Stack, Computer Science, Computer Engineering, Database Design, Data Modeling, Process Modeling, ERP, DFD, C#, CSS3, javaScript, HTML5, jQuery, Angular, ADO.NET, Entity Framework, SOLID, SolidWorks, HTML, Programming, Software, Software Engineering, SQL, Microsoft SQL Server, Development, Design",http://wuzzuf.net/jobs/p/vnrl3pluettk-software-developer-net-core-sql-typescript-bi-technologies-cairo-egypt
Data Entry Admin Specialist - Remote,PulseMediaNL (APAC REGIO,posted 17 days ago,Full Time,"Riyadh, Saudi Arabia","Administration, Customer Service/Support, Writing/Editorial, Data Entry, Administration, Microsoft Office, Admin, Typing, Computer Skills, Customer Service, English, Microsoft Excel, Customer Care, Writing, Customer Support, Data, Communication Skills, Typing Skills, Microsoft Word, MS Office, Marketing, Computer, E-marketing",http://wuzzuf.net/saudi/jobs/p/g/t5lira2l9abj-data-entry-admin-specialist-remote-pulsemedianl-apac-region-riyadh-saudi-arabia
RTA - WFM,Intouch CX,posted 1 month ago,Full Time,"Maadi, Cairo","IT/Software Development, Data Analytics, WFM, METRICS, Microsoft Excel, Real Time Management (RTM), Call Center, BPO, Data analytics, Wfm, Metrics, Microsoft excel, Real time management (rtm), Call center, Bpo, Real-time monitoring, Workforce optimization, Performance reporting, Scheduling, Forecasting",http://wuzzuf.net/jobs/p/r179pwhzvkks-rta-wfm-intouch-cx-cairo-egypt
Business Market Researcher,MENA INTEL,posted 1 month ago,Full Time,"Nasr City, Cairo","Business Development, Analyst/Research, Sales/Retail, English, Communication skills, Telesales, Social Media, Market Research, Research Analysis, Customer Support, Call Center, Research, Customer Service, Customer Retention, Communication, E-Marketing, Marketing, Business Development, Internet Marketing, Indoor Sales, Report Writing, Data Analysis, Project Management, Business Analysis",http://wuzzuf.net/jobs/p/etvtxfgjqrr2-business-market-researcher-mena-intel-cairo-egypt
Data Visualization Engineer (Remote),North Star Staffing,posted 19 days ago,مشروع مستقل,"الرياض, المملكة العربية السعودية","تكنولوجيا المعلومات/تطوير البرمجيات, المحلل/البحث, الهندسة - الاتصالات/التكنولوجيا, Information Technology (IT), Computer Science, Engineering, SQL, Software Development, Software Engineering, Computer Engineering, C#, Python, Telecommunication, ETL, Java, Visual Studio, javaScript, NoSQL, Software, Design, Big Data, C++, OOP",http://wuzzuf.net/saudi/jobs/p/g/ckndw4zqrhsv-data-visualization-engineer-remote-north-star-staffing-riyadh-saudi-arabia
Virtual Data Entry Clerk - Assistant Administrator,Re-Lyticx,posted 25 days ago,Full Time,"Al Bahah, Saudi Arabia","Administration, Analyst/Research, Education/Teaching, Administration, Data Entry, Microsoft Office, Typing, Admin, Microsoft Excel, Startup, Customer Care, Customer Support, Office Management, Admin Assistant, Admin Work, Business Administration, Computer Skills, Database, Internet Search, Microsoft Word, Operations, Adminstration, Buying Reports",http://wuzzuf.net/saudi/jobs/p/g/z7pjsdcnxsns-virtual-data-entry-clerk-assistant-administrator-re-lyticx-al-bahah-saudi-arabia
Research & Technology (R&T) Chemist,Eagle Chemicals,posted 1 month ago,Full Time,"6th of October, Giza","R&D/Science, Analyst/Research, Chemistry, Development, research and development, Research, Science, quality, Analysis, Organic Chemistry, Analytical Chemistry, Inorganic Chemistry, Data Analysis",http://wuzzuf.net/jobs/p/ovyt98gf0fvs-research-technology-rt-chemist-eagle-chemicals-giza-egypt
Entry-Level Data Entry Specialist,PulseMediaNL (MENA REGIO,posted 25 days ago,Full Time,"Riyadh, Saudi Arabia","Administration, Customer Service/Support, Writing/Editorial, Data Entry, Administration, Microsoft Office, Admin, Typing, Customer Service, Microsoft Excel, Computer Skills, Customer Care, Customer Support, Writing, English, Microsoft Word, Communication Skills, Data, Startup, Marketing, Office Management, Accounting, Admin Work",http://wuzzuf.net/saudi/jobs/p/g/skzld0ozqgc3-entry-level-data-entry-specialist-pulsemedianl-mena-region-riyadh-saudi-arabia
Data Entry Support Specialist (Remote),PulseMediaNL (SWANA REGI,posted 26 days ago,Full Time,"Riyadh, Saudi Arabia","Administration, Customer Service/Support, Writing/Editorial, Data Entry, Administration, Microsoft Office, Admin, Typing, Computer Skills, Customer Service, English, Microsoft Excel, Customer Care, Writing, Customer Support, Data, Communication Skills, Typing Skills, Microsoft Word, MS Office, Marketing, Computer, E-marketing",http://wuzzuf.net/saudi/jobs/p/g/goshajjqcn0d-data-entry-support-specialist-remote-pulsemedianl-swana-region-riyadh-saudi-arabia
Accounting Supervisor,Edimex for Trade - BECO,posted 1 month ago,Full Time,"Heliopolis, Cairo","Accounting/Finance, Analyst/Research, Accounting, SAP Business Warehouse, Warehouse Operations, Warehousing, Vendor Management, Fixed Asset, Asset Management, Auditing, Tax Accounting, Sap business warehouse, Warehouse operations, Vendor management, Fixed asset management, Asset management, Tax accounting, Financial analysis, Budgeting, Data analysis, Problem-solving, SAP Business One",http://wuzzuf.net/jobs/p/g0adsbs8ztm7-accounting-supervisor-edimex-for-trade-beco-cairo-egypt
Data Visualization & Automation Engineer,Norconsult Telematics,posted 26 days ago,Full Time,"Riyadh, Saudi Arabia","IT/Software Development, Analyst/Research, Engineering - Telecom/Technology, Information Technology (IT), Computer Science, SQL, Software Development, C#, Software Engineering, Data Visualization, Visual Studio, Computer Engineering, Data Analysis, Engineering, Design, OOP, TFS, .NET, Analysis, C++, Data Modeling, Database Design, MVC",http://wuzzuf.net/saudi/jobs/p/g/gszslpkqaljh-data-visualization-automation-engineer-norconsult-telematics-riyadh-saudi-arabia
Data Entry Admin Specialist - Remote,PULSE MEDIA (APAC REGION,posted 29 days ago,Full Time,"Dubai, United Arab Emirates","Administration, Customer Service/Support, Writing/Editorial, Data Entry, Administration, Microsoft Office, Admin, Typing, Computer Skills, Customer Service, English, Microsoft Excel, Customer Care, Writing, Customer Support, Data, Communication Skills, Typing Skills, Microsoft Word, MS Office, Marketing, Computer, E-marketing",http://wuzzuf.net/jobs/p/g/0gc24dhyz9bi-data-entry-admin-specialist-remote-pulse-media-apac-region-dubai-united-arab-emirates
Assistant Entry-Level Admin (Remote) Support Data,PULSE MEDIA (APAC REGION,posted 29 days ago,Full Time,"Khaimah, United Arab Emirates","Accounting/Finance, Administration, Customer Service/Support, administration, microsoft office, admin, office management, communication skills, microsoft excel, data entry, operations, management, assistant, communication, maintenance",http://wuzzuf.net/jobs/p/g/zemdyy1c0ngl-assistant-entry-level-admin-remote-support-data-pulse-media-apac-region-ras-al-khaimah-united-arab-emirates
Associate Data Scientist - Builders Program,Tamara,posted 27 days ago,Part Time,"Riyadh, Saudi Arabia","IT/Software Development, Analyst/Research, Engineering - Telecom/Technology, Computer Science, Python, Information Technology (IT), SQL, Data Science, Machine Learning, Data Scientist, Java, Data Analysis, Software Development, Engineering, MySQL, Software Engineering, Statistics, Hadoop, Naive Bayes, Research, Startup, Analysis, Database",http://wuzzuf.net/saudi/jobs/p/g/dnjczfje611m-associate-data-scientist-builders-program-tamara-riyadh-saudi-arabia
Data Scientist I,Mozn,posted 29 days ago,Full Time,"Riyadh, Saudi Arabia","IT/Software Development, Analyst/Research, Engineering - Telecom/Technology, Python, Computer Science, Information Technology (IT), SQL, Data Science, Machine Learning, Data Scientist, Java, Data Analysis, Software Development, Engineering, MySQL, Software Engineering, Statistics, Hadoop, Naive Bayes, Startup, Analysis, Database, Mathematics",http://wuzzuf.net/saudi/jobs/p/g/ndbg68kyhj0z-data-scientist-i-mozn-riyadh-saudi-arabia
Data Scientist II,Mozn,posted 29 days ago,Full Time,"Riyadh, Saudi Arabia","IT/Software Development, Analyst/Research, Engineering - Telecom/Technology, Python, Computer Science, Information Technology (IT), SQL, Data Science, Machine Learning, Data Scientist, Java, Data Analysis, Engineering, Software Development, MySQL, Software Engineering, Statistics, Hadoop, Naive Bayes, Startup, Analysis, Database, Mathematics",http://wuzzuf.net/saudi/jobs/p/g/lirvri2hwpoj-data-scientist-ii-mozn-riyadh-saudi-arabia
Junior Internal Auditor,QNB Life Insurance,posted 1 month ago,Full Time,"Mohandessin, Giza","Accounting/Finance, Quality, Analyst/Research, Risk Assessment & Control, Audit Documentation, Accounting Frameworks, Regulatory Knowledge, Data Analytics, Audit Management, Internal Control, Issue Tracking & Follow-up, Specialized Compliance, AML, Banking/Insurance compliance, AML regulations, Critical Thinking, Attention to Detail, Problem-Solving, Internal Audit Standards (IIA), Financial & Operational Auditing, Root Cause Analysis (RCA)",http://wuzzuf.net/jobs/p/e4gemacl4sye-junior-internal-auditor-qnb-life-insurance-giza-egypt
Business Applications Consultant (Microsoft Power Platform & CRM),Teaspoon,posted 2 months ago,Full Time,"San Jose, United States","IT/Software Development, Microsoft Power BI, Microsoft Azure, Reporting, Reporting Analysis, Microsoft Office 365, Microsoft Dynamics CRM, Microsoft PowerPlatform, Microsoft PowerApps, CRM, ETL Tools, Data Transformation Frameworks, Food & Beverage, DAX, Data Modeling, Azure SQL, Synapse, Snowflake, BigQuery, Business Intelligence, Data Analytics, English",http://wuzzuf.net/jobs/p/ixjv1vwyuhte-business-applications-consultant-microsoft-power-platform-crm-teaspoon-san-jose-united-states
Senior Software Developer,Electro Pi,posted 2 months ago,Full Time,"Riyadh, Saudi Arabia","IT/Software Development, Engineering - Telecom/Technology, Java Enterprise Application Development, Spring Boot & Spring Framework Development, Full-Stack Development, RESTful API Design & Development, Microservices Architecture, IBM FileNet Content Management Development, Content Repository Design & Workflow Management, Angular Frontend Development (SPA), UI Component Development, System Integration & Enterprise Application Integration, Performance Optimization & Application Security, Unit Testing & Integration Testing, Code Review & Mentoring, Technical Documentation & System Design, Backend & Frameworks Java EE Spring Boot Spring MVC Spring Data JPA, Frontend Angular (v10+) TypeScript HTML5 CSS3, Content Management / ECM IBM FileNet Content Manager FileNet P8 Platform CE API FileNet Java APIs FileNet REST APIs, Integration & Architecture REST APIs JSON / XML Microservices Architecture SOA Integration, Databases SQL Databases NoSQL Databases, DevOps & Development Tools Git Maven / Gradle CI/CD Tools, Containers (Plus) Docker Kubernetes",http://wuzzuf.net/saudi/jobs/p/kjzrj8dgmgvu-senior-software-developer-electro-pi-riyadh-saudi-arabia
Financial Planning And Analysis Lead,El Rashidi El Mizan,posted 2 months ago,Full Time,"Giza, Egypt","Accounting/Finance, Manufacturing/Production, Analyst/Research, Financial Analysis, Budgeting, Forecasting, Financial Modeling, Data Interpretation, Strategic Planning, ERP Systems, Presentation Skills, Problem Solving",http://wuzzuf.net/jobs/p/puufdqofpdst-financial-planning-and-analysis-lead-el-rashidi-el-mizan-giza-egypt
Full stack Developer (.Net Core & Angular),BI-Technologies,posted 2 months ago,Full Time,"New Cairo, Cairo","IT/Software Development, ASP.NET, Software Development, .NET, Information Technology (IT), Full Stack, Computer Science, Computer Engineering, Database Design, Data Modeling, Process Modeling, ERP, DFD, C#, CSS3, javaScript, HTML5, jQuery, Angular, ADO.NET, Entity Framework, SOLID, SolidWorks, MVC, SQL, Programming, Software, .Net Core, Full Stack Development",http://wuzzuf.net/jobs/p/8tbjlduuwvyd-full-stack-developer-net-core-angular-bi-technologies-cairo-egypt
Junior Financial Planning & Analysis,Fine Hygienic Holding,posted 2 months ago,Full Time,"6th of October, Giza","Accounting/Finance, Analyst/Research, Budgeting and forecasting, Financial analysis, Financial modeling, Variance analysis, Excel proficiency, Problem-solving, Presentation skills, Data interpretation, Attention to detail",http://wuzzuf.net/jobs/p/tvqtcnptbqdm-junior-financial-planning-analysis-fine-hygienic-holding-giza-egypt
Power BI Consultant,Huxley,posted 18 days ago,Freelance / Project,"Dubai, United Arab Emirates","IT/Software Development, Analyst/Research, Engineering - Telecom/Technology, Information Technology (IT), Computer Science, BI, SQL, Computer Engineering, Business Intelligence, SAP, ETL, Engineering, ABAP, Power BI, SAP BW, Software Engineering, Analysis, Business Information Systems, Data Analysis, Data Warehousing, Mathematics, Microsoft Power BI, Physics",http://wuzzuf.net/jobs/p/g/lvt74cyteupe-power-bi-consultant-huxley-dubai-united-arab-emirates
Chinese Speaker,realme,posted 1 month ago,Full Time,"Nasr City, Cairo","Sales/Retail, Chinese, Communication, Microsoft Excel, Power BI",http://wuzzuf.net/jobs/p/rre4r8uqijbh-chinese-speaker-realme-cairo-egypt
General Internal Audit,Life Chemicals Group,posted 4 days ago,Full Time,"Heliopolis, Cairo","Accounting/Finance, Quality, Analyst/Research, analytical, Auditing, Finance, Accounting, English, Financial Analysis, Computer Skills",http://wuzzuf.net/jobs/p/3xbbeekhmayr-general-internal-audit-life-chemicals-group-cairo-egypt
Product/System Owner (Application-Specific Focus),Advanced Solutions,posted 24 days ago,Full Time,"Nasr City, Cairo","IT/Software Development, Operations/Management, Project/Program Management, Product Management, business, PMP, Product Owner (Application-Specific Focus), Product Owner, Business Analysis, Management, Scrum, business analysis, Software Development, Agile",http://wuzzuf.net/jobs/p/e5t15wyphiqy-productsystem-owner-application-specific-focus-advanced-solutions-cairo-egypt
Research Manager,Harvest Foods,posted 8 days ago,Full Time,"Sheikh Zayed, Giza","Marketing/PR/Advertising, Analyst/Research, Sales/Retail, Market Research, Research, Forecasting",http://wuzzuf.net/jobs/p/h5twgkjrm78k-research-manager-harvest-foods-giza-egypt
Senior Specialist - Financial Analyst (RES347),Qiddiya | القدية,posted 4 months ago,Full Time,"Riyadh, Saudi Arabia","Human Resources, Marketing/PR/Advertising, Media/Journalism/Publishing, Marketing, Social Media, Human Resources (HR), E-marketing, Microsoft Office, Digital Marketing, Media, Sales, SEO, Recruitment, Sales Skills, Market Research, Information Technology (IT), English, Communication Skills, Computer Science, Computer Skills, Logistics, Sales Target, Supply Chain",http://wuzzuf.net/saudi/jobs/p/g/qzs7pg1hemlv-senior-specialist-financial-analyst-res347-qiddiya-alkdy-riyadh-saudi-arabia
R&D Methodology Senior Specialist,Global Napi Pharmaceutic,posted 18 days ago,Full Time,"6th of October, Giza","Manufacturing/Production, Analyst/Research, Pharmaceutical, R&D, Pharmaceutical Industry, Manufacturing Industry, Research",http://wuzzuf.net/jobs/p/peu27exkdil2-rd-methodology-senior-specialist-global-napi-pharmaceuticals-giza-egypt
Software Technical Lead,Efada Technology,posted 26 days ago,Full Time,"Cairo, Egypt","IT/Software Development, Operations/Management, Engineering - Telecom/Technology, Computer Science, Engineering, Information Technology (IT), Software Development, Architecture, AWS, Cloud, Management, Project Management",http://wuzzuf.net/jobs/p/aji2trzbqsub-software-technical-lead-efada-technology-cairo-egypt
Cost Accountant,International Food & Con,posted 2 months ago,Full Time,"6th of October, Giza","Accounting/Finance, FMCG, Cost Accounting, Accounting, Finance, English, ERP, Excel",http://wuzzuf.net/jobs/p/2pyvewtvdrre-cost-accountant-international-food-consumable-goods-egypt-s-a-e-giza-egypt
internal auditor,Roasty,posted 24 days ago,Full Time,"Qalyub, Qalubia","Accounting/Finance, Quality, Analyst/Research, Strong analytical skills, Basic knowledge of internal audit and financial control Proficient in Microsoft Excel and Word, Ability to prepare financial reports, Excellent communication and presentation skills",http://wuzzuf.net/jobs/p/cumgbhgdh4re-internal-auditor-roasty-qalubia-egypt
Costing Section Head,Holw El Sham,posted 22 days ago,Full Time,"6th of October, Giza","Accounting/Finance, Operations/Management, Analyst/Research, Management, Microsoft Office, Cost accounting & variance analysis, Budgeting and forecasting, Advanced Excel & ERP systems, Analytical and problem-solving skills, Leadership and communication skills, Manufacturing cost reduction, Accounting, Cost Accounting, Finance, Manufacturing",http://wuzzuf.net/jobs/p/irspzx4aztx7-costing-section-head-holw-el-sham-giza-egypt
PHP Full Stack Developer,Mora Communications Comp,posted 18 days ago,Full Time,"New Cairo, Cairo","IT/Software Development, Engineering - Telecom/Technology, PHP, Node.js, Mongo DB, Bootstrap, Computer Science, Software Development, HTML, CSS, Information Technology (IT), JavaScript, jQuery, Laravel, MySQL",http://wuzzuf.net/jobs/p/0whsflbxuria-php-full-stack-developer-mora-communications-company-cairo-egypt
Software Development Specialist,Help AG,posted 2 months ago,Full Time,"Maadi, Cairo","IT/Software Development, Angular, React, Spring Boot, micro services, java Frameworks, Docker, Azure DevOps Server, Kubernetes, Azure, oci",http://wuzzuf.net/jobs/p/acahyftsi8x8-software-development-specialist-help-ag-cairo-egypt
ServiceNow Technical Lead,AZM Squad,posted 30 days ago,Full Time,"Riyadh, Saudi Arabia","IT/Software Development, ServiceNow, ServiceNow implementations, ServiceNow scripting and platform customization, Development and architecture, Business Rules, Script Includes, Client Scripts, UI Policies, Flow Designer, IntegrationHub, technical leadership, Communication, Leadership Management, Stakeholders",http://wuzzuf.net/saudi/jobs/p/l71avcokgbfk-servicenow-technical-lead-azm-squad-riyadh-saudi-arabia
Economic Researcher - Scriptwriting/Content,Trendz Agency,posted 15 days ago,Full Time,"Abu Dhabi, United Arab Emirates","Writing/Editorial, Analyst/Research, Media/Journalism/Publishing, Economic research, Scriptwriting, Finance, Investment Analysis, Financial Analysis, Content Writing, Communication",http://wuzzuf.net/jobs/p/seud77zjcepb-economic-researcher-scriptwritingcontent-trendz-agency-abu-dhabi-united-arab-emirates
Cost Accountant,Rehana Group,posted 1 month ago,Full Time,"Qanater Khairya, Qalubia","Accounting/Finance, Analyst/Research, Microsoft Applications, Accounting, Office Applications",http://wuzzuf.net/jobs/p/e9ohazjzlazc-cost-accountant-rehana-group-qalubia-egypt
Mobile Developer – Flutter,Daam,posted 1 month ago,Full Time,"Maadi, Cairo","Creative/Design/Art, IT/Software Development, Engineering - Telecom/Technology, Mobile Development, Information Technology (IT), CI/CD, UI/UX, Firestore, MVVM",http://wuzzuf.net/jobs/p/foqqrgbdzmau-mobile-developer-flutter-daam-cairo-egypt
Equity Trader,Apex Financial Holding,posted 2 months ago,Full Time,"Agouza, Giza","Accounting/Finance, Equity Trading, Market Analysis, Communication",http://wuzzuf.net/jobs/p/crflnrhk1jvw-equity-trader-apex-financial-holding-giza-egypt
Quality Assurance Supervisor.,Etisalat Egypt,posted 19 days ago,Full Time,"Maadi, Cairo","Customer Service/Support, Quality, Quality Assurance, Quality Control, QA, Supervision, Quality Management, Customer Service, Customer Support, Customer Care, Customer Relations, Custom Clearance, Customer Satisfaction, Customer Service Management, Call Center",http://wuzzuf.net/jobs/p/wkvbqzafsrkd-quality-assurance-supervisor-etisalat-egypt-cairo-egypt
Oracle Developer,Blue Bell Egypt,posted 2 months ago,Full Time,"Bourj Alarab, Alexandria","Installation/Maintenance/Repair, IT/Software Development, Engineering - Telecom/Technology, Oracle PL/SQL, Database Design, Analytical Thinking, Team Collaboration, Problem Solving, Technical Documentation",http://wuzzuf.net/jobs/p/e6h25xmvgiej-oracle-developer-blue-bell-egypt-alexandria-egypt
